{"cameraMode":{"drawMode":0,"name":"Shaded","section":"Shading Mode"},"sceneLighting":false,"audioPlay":false,"sceneViewState":{"showFog":true,"showMaterialUpdate":false,"showSkybox":true,"showFlares":true,"showImageEffects":true,"showParticleSystems":true},"in2DMode":false,"pivot":{"x":441.62939453125,"y":-43.456478118896487,"z":-11.944625854492188},"rotation":{"x":-0.008680559694766999,"y":-0.046486109495162967,"z":-0.0004041876527480781,"w":0.9988811612129211},"size":220.2883758544922,"orthographic":false}