{"cameraMode":{"drawMode":0,"name":"Shaded","section":"Shading Mode"},"sceneLighting":true,"audioPlay":false,"sceneViewState":{"showFog":true,"showMaterialUpdate":false,"showSkybox":true,"showFlares":true,"showImageEffects":true,"showParticleSystems":true},"in2DMode":false,"pivot":{"x":542.933349609375,"y":257.7773742675781,"z":53.8924560546875},"rotation":{"x":0.04828978702425957,"y":-0.007495787460356951,"z":0.0003621931537054479,"w":0.9988051652908325},"size":494.39215087890627,"orthographic":false}